scenario,detection_rate,mean_error_m,median_error_m,fps,num_frames,mean_error_mm,detection_rate_pct
clean,1.0,0.00047487071633835936,0.0004946310006417844,228.0,20,0.47487071633835937,100.0
rgb_noise,1.0,0.000723396672352764,0.0006905355872928662,267.7,20,0.7233966723527641,100.0
depth_noise,1.0,0.0009529802844896707,0.0008596880490134139,266.9,20,0.9529802844896708,100.0
occlusion,0.0,,,1682.6,20,,0.0
